Combination	Count	Percent
('GTAGCGTA', 'CGATCGAT')	213	 0.03
('GTAGCGTA', 'GATCAAGG')	258	 0.04
('GTAGCGTA', 'AACAGCGA')	348	 0.05
('GTAGCGTA', 'TAGCCATG')	332	 0.05
('GTAGCGTA', 'CGGTAATC')	149	 0.02
('GTAGCGTA', 'CTCTGGAT')	965	 0.14
('GTAGCGTA', 'TACCGGAT')	1975	 0.28
('GTAGCGTA', 'CTAGCTCA')	1014	 0.14
('GTAGCGTA', 'CACTTCAC')	101	 0.01
('GTAGCGTA', 'GCTACTCT')	1532	 0.22
('GTAGCGTA', 'ACGATCAG')	826	 0.12
('GTAGCGTA', 'TATGGCAC')	377	 0.05
('GTAGCGTA', 'TGTTCCGT')	608	 0.09
('GTAGCGTA', 'GTCCTAAG')	415	 0.06
('GTAGCGTA', 'TCGACAAG')	119	 0.02
('GTAGCGTA', 'TCTTCGAC')	1351	 0.19
('GTAGCGTA', 'ATCATGCG')	353	 0.05
('GTAGCGTA', 'ATCGTGGT')	306	 0.04
('GTAGCGTA', 'TCGAGAGT')	776	 0.11
('GTAGCGTA', 'TCGGATTC')	162	 0.02
('GTAGCGTA', 'GATCTTGC')	159	 0.02
('GTAGCGTA', 'AGAGTCCA')	537	 0.08
('GTAGCGTA', 'AGGATAGC')	327	 0.05
('CGATCGAT', 'GTAGCGTA')	204	 0.03
('CGATCGAT', 'GATCAAGG')	183	 0.03
('CGATCGAT', 'AACAGCGA')	171	 0.02
('CGATCGAT', 'TAGCCATG')	236	 0.03
('CGATCGAT', 'CGGTAATC')	214	 0.03
('CGATCGAT', 'CTCTGGAT')	1304	 0.18
('CGATCGAT', 'TACCGGAT')	2046	 0.29
('CGATCGAT', 'CTAGCTCA')	463	 0.07
('CGATCGAT', 'CACTTCAC')	124	 0.02
('CGATCGAT', 'GCTACTCT')	195	 0.03
('CGATCGAT', 'ACGATCAG')	291	 0.04
('CGATCGAT', 'TATGGCAC')	219	 0.03
('CGATCGAT', 'TGTTCCGT')	504	 0.07
('CGATCGAT', 'GTCCTAAG')	227	 0.03
('CGATCGAT', 'TCGACAAG')	105	 0.01
('CGATCGAT', 'TCTTCGAC')	1160	 0.16
('CGATCGAT', 'ATCATGCG')	208	 0.03
('CGATCGAT', 'ATCGTGGT')	167	 0.02
('CGATCGAT', 'TCGAGAGT')	329	 0.05
('CGATCGAT', 'TCGGATTC')	117	 0.02
('CGATCGAT', 'GATCTTGC')	131	 0.02
('CGATCGAT', 'AGAGTCCA')	278	 0.04
('CGATCGAT', 'AGGATAGC')	321	 0.05
('GATCAAGG', 'GTAGCGTA')	277	 0.04
('GATCAAGG', 'CGATCGAT')	211	 0.03
('GATCAAGG', 'AACAGCGA')	215	 0.03
('GATCAAGG', 'TAGCCATG')	397	 0.06
('GATCAAGG', 'CGGTAATC')	122	 0.02
('GATCAAGG', 'CTCTGGAT')	775	 0.11
('GATCAAGG', 'TACCGGAT')	1650	 0.23
('GATCAAGG', 'CTAGCTCA')	448	 0.06
('GATCAAGG', 'CACTTCAC')	95	 0.01
('GATCAAGG', 'GCTACTCT')	248	 0.04
('GATCAAGG', 'ACGATCAG')	567	 0.08
('GATCAAGG', 'TATGGCAC')	297	 0.04
('GATCAAGG', 'TGTTCCGT')	417	 0.06
('GATCAAGG', 'GTCCTAAG')	421	 0.06
('GATCAAGG', 'TCGACAAG')	149	 0.02
('GATCAAGG', 'TCTTCGAC')	18138	 2.56
('GATCAAGG', 'ATCATGCG')	323	 0.05
('GATCAAGG', 'ATCGTGGT')	448	 0.06
('GATCAAGG', 'TCGAGAGT')	320	 0.05
('GATCAAGG', 'TCGGATTC')	120	 0.02
('GATCAAGG', 'GATCTTGC')	266	 0.04
('GATCAAGG', 'AGAGTCCA')	328	 0.05
('GATCAAGG', 'AGGATAGC')	264	 0.04
('AACAGCGA', 'GTAGCGTA')	492	 0.07
('AACAGCGA', 'CGATCGAT')	329	 0.05
('AACAGCGA', 'GATCAAGG')	344	 0.05
('AACAGCGA', 'TAGCCATG')	386	 0.05
('AACAGCGA', 'CGGTAATC')	173	 0.02
('AACAGCGA', 'CTCTGGAT')	1292	 0.18
('AACAGCGA', 'TACCGGAT')	2578	 0.36
('AACAGCGA', 'CTAGCTCA')	755	 0.11
('AACAGCGA', 'CACTTCAC')	182	 0.03
('AACAGCGA', 'GCTACTCT')	249	 0.04
('AACAGCGA', 'ACGATCAG')	553	 0.08
('AACAGCGA', 'TATGGCAC')	482	 0.07
('AACAGCGA', 'TGTTCCGT')	653	 0.09
('AACAGCGA', 'GTCCTAAG')	363	 0.05
('AACAGCGA', 'TCGACAAG')	133	 0.02
('AACAGCGA', 'TCTTCGAC')	2178	 0.31
('AACAGCGA', 'ATCATGCG')	688	 0.10
('AACAGCGA', 'ATCGTGGT')	448	 0.06
('AACAGCGA', 'TCGAGAGT')	508	 0.07
('AACAGCGA', 'TCGGATTC')	378	 0.05
('AACAGCGA', 'GATCTTGC')	628	 0.09
('AACAGCGA', 'AGAGTCCA')	625	 0.09
('AACAGCGA', 'AGGATAGC')	541	 0.08
('TAGCCATG', 'GTAGCGTA')	331	 0.05
('TAGCCATG', 'CGATCGAT')	183	 0.03
('TAGCCATG', 'GATCAAGG')	398	 0.06
('TAGCCATG', 'AACAGCGA')	277	 0.04
('TAGCCATG', 'CGGTAATC')	196	 0.03
('TAGCCATG', 'CTCTGGAT')	1106	 0.16
('TAGCCATG', 'TACCGGAT')	2851	 0.40
('TAGCCATG', 'CTAGCTCA')	877	 0.12
('TAGCCATG', 'CACTTCAC')	247	 0.03
('TAGCCATG', 'GCTACTCT')	248	 0.04
('TAGCCATG', 'ACGATCAG')	441	 0.06
('TAGCCATG', 'TATGGCAC')	521	 0.07
('TAGCCATG', 'TGTTCCGT')	724	 0.10
('TAGCCATG', 'GTCCTAAG')	426	 0.06
('TAGCCATG', 'TCGACAAG')	231	 0.03
('TAGCCATG', 'TCTTCGAC')	1611	 0.23
('TAGCCATG', 'ATCATGCG')	453	 0.06
('TAGCCATG', 'ATCGTGGT')	239	 0.03
('TAGCCATG', 'TCGAGAGT')	556	 0.08
('TAGCCATG', 'TCGGATTC')	240	 0.03
('TAGCCATG', 'GATCTTGC')	209	 0.03
('TAGCCATG', 'AGAGTCCA')	466	 0.07
('TAGCCATG', 'AGGATAGC')	362	 0.05
('CGGTAATC', 'GTAGCGTA')	148	 0.02
('CGGTAATC', 'CGATCGAT')	228	 0.03
('CGGTAATC', 'GATCAAGG')	185	 0.03
('CGGTAATC', 'AACAGCGA')	154	 0.02
('CGGTAATC', 'TAGCCATG')	351	 0.05
('CGGTAATC', 'CTCTGGAT')	766	 0.11
('CGGTAATC', 'TACCGGAT')	7265	 1.03
('CGGTAATC', 'CTAGCTCA')	509	 0.07
('CGGTAATC', 'CACTTCAC')	203	 0.03
('CGGTAATC', 'GCTACTCT')	147	 0.02
('CGGTAATC', 'ACGATCAG')	217	 0.03
('CGGTAATC', 'TATGGCAC')	309	 0.04
('CGGTAATC', 'TGTTCCGT')	399	 0.06
('CGGTAATC', 'GTCCTAAG')	164	 0.02
('CGGTAATC', 'TCGACAAG')	85	 0.01
('CGGTAATC', 'TCTTCGAC')	1316	 0.19
('CGGTAATC', 'ATCATGCG')	203	 0.03
('CGGTAATC', 'ATCGTGGT')	386	 0.05
('CGGTAATC', 'TCGAGAGT')	258	 0.04
('CGGTAATC', 'TCGGATTC')	162	 0.02
('CGGTAATC', 'GATCTTGC')	163	 0.02
('CGGTAATC', 'AGAGTCCA')	244	 0.03
('CGGTAATC', 'AGGATAGC')	339	 0.05
('CTCTGGAT', 'GTAGCGTA')	1165	 0.16
('CTCTGGAT', 'CGATCGAT')	2171	 0.31
('CTCTGGAT', 'GATCAAGG')	819	 0.12
('CTCTGGAT', 'AACAGCGA')	1033	 0.15
('CTCTGGAT', 'TAGCCATG')	1277	 0.18
('CTCTGGAT', 'CGGTAATC')	1010	 0.14
('CTCTGGAT', 'TACCGGAT')	14152	 2.00
('CTCTGGAT', 'CTAGCTCA')	3445	 0.49
('CTCTGGAT', 'CACTTCAC')	685	 0.10
('CTCTGGAT', 'GCTACTCT')	2491	 0.35
('CTCTGGAT', 'ACGATCAG')	1401	 0.20
('CTCTGGAT', 'TATGGCAC')	1742	 0.25
('CTCTGGAT', 'TGTTCCGT')	2652	 0.37
('CTCTGGAT', 'GTCCTAAG')	1359	 0.19
('CTCTGGAT', 'TCGACAAG')	570	 0.08
('CTCTGGAT', 'TCTTCGAC')	6129	 0.87
('CTCTGGAT', 'ATCATGCG')	1308	 0.18
('CTCTGGAT', 'ATCGTGGT')	1257	 0.18
('CTCTGGAT', 'TCGAGAGT')	2379	 0.34
('CTCTGGAT', 'TCGGATTC')	770	 0.11
('CTCTGGAT', 'GATCTTGC')	646	 0.09
('CTCTGGAT', 'AGAGTCCA')	2037	 0.29
('CTCTGGAT', 'AGGATAGC')	1211	 0.17
('TACCGGAT', 'GTAGCGTA')	2217	 0.31
('TACCGGAT', 'CGATCGAT')	2118	 0.30
('TACCGGAT', 'GATCAAGG')	2203	 0.31
('TACCGGAT', 'AACAGCGA')	2269	 0.32
('TACCGGAT', 'TAGCCATG')	4661	 0.66
('TACCGGAT', 'CGGTAATC')	2913	 0.41
('TACCGGAT', 'CTCTGGAT')	20269	 2.86
('TACCGGAT', 'CTAGCTCA')	5282	 0.75
('TACCGGAT', 'CACTTCAC')	1434	 0.20
('TACCGGAT', 'GCTACTCT')	1798	 0.25
('TACCGGAT', 'ACGATCAG')	2928	 0.41
('TACCGGAT', 'TATGGCAC')	4603	 0.65
('TACCGGAT', 'TGTTCCGT')	5737	 0.81
('TACCGGAT', 'GTCCTAAG')	3170	 0.45
('TACCGGAT', 'TCGACAAG')	1237	 0.17
('TACCGGAT', 'TCTTCGAC')	13576	 1.92
('TACCGGAT', 'ATCATGCG')	2665	 0.38
('TACCGGAT', 'ATCGTGGT')	3453	 0.49
('TACCGGAT', 'TCGAGAGT')	5863	 0.83
('TACCGGAT', 'TCGGATTC')	1922	 0.27
('TACCGGAT', 'GATCTTGC')	1427	 0.20
('TACCGGAT', 'AGAGTCCA')	2906	 0.41
('TACCGGAT', 'AGGATAGC')	2734	 0.39
('CTAGCTCA', 'GTAGCGTA')	1242	 0.18
('CTAGCTCA', 'CGATCGAT')	599	 0.08
('CTAGCTCA', 'GATCAAGG')	511	 0.07
('CTAGCTCA', 'AACAGCGA')	620	 0.09
('CTAGCTCA', 'TAGCCATG')	977	 0.14
('CTAGCTCA', 'CGGTAATC')	430	 0.06
('CTAGCTCA', 'CTCTGGAT')	3996	 0.56
('CTAGCTCA', 'TACCGGAT')	4738	 0.67
('CTAGCTCA', 'CACTTCAC')	338	 0.05
('CTAGCTCA', 'GCTACTCT')	1829	 0.26
('CTAGCTCA', 'ACGATCAG')	851	 0.12
('CTAGCTCA', 'TATGGCAC')	977	 0.14
('CTAGCTCA', 'TGTTCCGT')	1247	 0.18
('CTAGCTCA', 'GTCCTAAG')	736	 0.10
('CTAGCTCA', 'TCGACAAG')	14841	 2.10
('CTAGCTCA', 'TCTTCGAC')	2907	 0.41
('CTAGCTCA', 'ATCATGCG')	1851	 0.26
('CTAGCTCA', 'ATCGTGGT')	554	 0.08
('CTAGCTCA', 'TCGAGAGT')	1256	 0.18
('CTAGCTCA', 'TCGGATTC')	431	 0.06
('CTAGCTCA', 'GATCTTGC')	422	 0.06
('CTAGCTCA', 'AGAGTCCA')	1253	 0.18
('CTAGCTCA', 'AGGATAGC')	704	 0.10
('CACTTCAC', 'GTAGCGTA')	131	 0.02
('CACTTCAC', 'CGATCGAT')	174	 0.02
('CACTTCAC', 'GATCAAGG')	122	 0.02
('CACTTCAC', 'AACAGCGA')	125	 0.02
('CACTTCAC', 'TAGCCATG')	3205	 0.45
('CACTTCAC', 'CGGTAATC')	224	 0.03
('CACTTCAC', 'CTCTGGAT')	660	 0.09
('CACTTCAC', 'TACCGGAT')	1043	 0.15
('CACTTCAC', 'CTAGCTCA')	371	 0.05
('CACTTCAC', 'GCTACTCT')	101	 0.01
('CACTTCAC', 'ACGATCAG')	371	 0.05
('CACTTCAC', 'TATGGCAC')	358	 0.05
('CACTTCAC', 'TGTTCCGT')	279	 0.04
('CACTTCAC', 'GTCCTAAG')	132	 0.02
('CACTTCAC', 'TCGACAAG')	67	 0.01
('CACTTCAC', 'TCTTCGAC')	938	 0.13
('CACTTCAC', 'ATCATGCG')	158	 0.02
('CACTTCAC', 'ATCGTGGT')	103	 0.01
('CACTTCAC', 'TCGAGAGT')	179	 0.03
('CACTTCAC', 'TCGGATTC')	141	 0.02
('CACTTCAC', 'GATCTTGC')	108	 0.02
('CACTTCAC', 'AGAGTCCA')	191	 0.03
('CACTTCAC', 'AGGATAGC')	223	 0.03
('GCTACTCT', 'GTAGCGTA')	651	 0.09
('GCTACTCT', 'CGATCGAT')	214	 0.03
('GCTACTCT', 'GATCAAGG')	229	 0.03
('GCTACTCT', 'AACAGCGA')	259	 0.04
('GCTACTCT', 'TAGCCATG')	299	 0.04
('GCTACTCT', 'CGGTAATC')	166	 0.02
('GCTACTCT', 'CTCTGGAT')	1195	 0.17
('GCTACTCT', 'TACCGGAT')	1846	 0.26
('GCTACTCT', 'CTAGCTCA')	814	 0.12
('GCTACTCT', 'CACTTCAC')	96	 0.01
('GCTACTCT', 'ACGATCAG')	370	 0.05
('GCTACTCT', 'TATGGCAC')	335	 0.05
('GCTACTCT', 'TGTTCCGT')	709	 0.10
('GCTACTCT', 'GTCCTAAG')	334	 0.05
('GCTACTCT', 'TCGACAAG')	99	 0.01
('GCTACTCT', 'TCTTCGAC')	1122	 0.16
('GCTACTCT', 'ATCATGCG')	323	 0.05
('GCTACTCT', 'ATCGTGGT')	240	 0.03
('GCTACTCT', 'TCGAGAGT')	470	 0.07
('GCTACTCT', 'TCGGATTC')	148	 0.02
('GCTACTCT', 'GATCTTGC')	181	 0.03
('GCTACTCT', 'AGAGTCCA')	492	 0.07
('GCTACTCT', 'AGGATAGC')	277	 0.04
('ACGATCAG', 'GTAGCGTA')	292	 0.04
('ACGATCAG', 'CGATCGAT')	361	 0.05
('ACGATCAG', 'GATCAAGG')	361	 0.05
('ACGATCAG', 'AACAGCGA')	275	 0.04
('ACGATCAG', 'TAGCCATG')	515	 0.07
('ACGATCAG', 'CGGTAATC')	203	 0.03
('ACGATCAG', 'CTCTGGAT')	1060	 0.15
('ACGATCAG', 'TACCGGAT')	2271	 0.32
('ACGATCAG', 'CTAGCTCA')	665	 0.09
('ACGATCAG', 'CACTTCAC')	186	 0.03
('ACGATCAG', 'GCTACTCT')	335	 0.05
('ACGATCAG', 'TATGGCAC')	454	 0.06
('ACGATCAG', 'TGTTCCGT')	579	 0.08
('ACGATCAG', 'GTCCTAAG')	508	 0.07
('ACGATCAG', 'TCGACAAG')	334	 0.05
('ACGATCAG', 'TCTTCGAC')	1352	 0.19
('ACGATCAG', 'ATCATGCG')	433	 0.06
('ACGATCAG', 'ATCGTGGT')	242	 0.03
('ACGATCAG', 'TCGAGAGT')	510	 0.07
('ACGATCAG', 'TCGGATTC')	175	 0.02
('ACGATCAG', 'GATCTTGC')	193	 0.03
('ACGATCAG', 'AGAGTCCA')	511	 0.07
('ACGATCAG', 'AGGATAGC')	415	 0.06
('TATGGCAC', 'GTAGCGTA')	363	 0.05
('TATGGCAC', 'CGATCGAT')	275	 0.04
('TATGGCAC', 'GATCAAGG')	338	 0.05
('TATGGCAC', 'AACAGCGA')	661	 0.09
('TATGGCAC', 'TAGCCATG')	610	 0.09
('TATGGCAC', 'CGGTAATC')	366	 0.05
('TATGGCAC', 'CTCTGGAT')	1574	 0.22
('TATGGCAC', 'TACCGGAT')	4625	 0.65
('TATGGCAC', 'CTAGCTCA')	906	 0.13
('TATGGCAC', 'CACTTCAC')	474	 0.07
('TATGGCAC', 'GCTACTCT')	317	 0.04
('TATGGCAC', 'ACGATCAG')	574	 0.08
('TATGGCAC', 'TGTTCCGT')	88571	 12.51
('TATGGCAC', 'GTCCTAAG')	759	 0.11
('TATGGCAC', 'TCGACAAG')	277	 0.04
('TATGGCAC', 'TCTTCGAC')	4277	 0.60
('TATGGCAC', 'ATCATGCG')	472	 0.07
('TATGGCAC', 'ATCGTGGT')	318	 0.04
('TATGGCAC', 'TCGAGAGT')	958	 0.14
('TATGGCAC', 'TCGGATTC')	991	 0.14
('TATGGCAC', 'GATCTTGC')	404	 0.06
('TATGGCAC', 'AGAGTCCA')	534	 0.08
('TATGGCAC', 'AGGATAGC')	675	 0.10
('TGTTCCGT', 'GTAGCGTA')	575	 0.08
('TGTTCCGT', 'CGATCGAT')	527	 0.07
('TGTTCCGT', 'GATCAAGG')	400	 0.06
('TGTTCCGT', 'AACAGCGA')	791	 0.11
('TGTTCCGT', 'TAGCCATG')	633	 0.09
('TGTTCCGT', 'CGGTAATC')	283	 0.04
('TGTTCCGT', 'CTCTGGAT')	1941	 0.27
('TGTTCCGT', 'TACCGGAT')	4606	 0.65
('TGTTCCGT', 'CTAGCTCA')	1116	 0.16
('TGTTCCGT', 'CACTTCAC')	266	 0.04
('TGTTCCGT', 'GCTACTCT')	487	 0.07
('TGTTCCGT', 'ACGATCAG')	568	 0.08
('TGTTCCGT', 'TATGGCAC')	85536	 12.09
('TGTTCCGT', 'GTCCTAAG')	462	 0.07
('TGTTCCGT', 'TCGACAAG')	242	 0.03
('TGTTCCGT', 'TCTTCGAC')	2719	 0.38
('TGTTCCGT', 'ATCATGCG')	718	 0.10
('TGTTCCGT', 'ATCGTGGT')	499	 0.07
('TGTTCCGT', 'TCGAGAGT')	1090	 0.15
('TGTTCCGT', 'TCGGATTC')	920	 0.13
('TGTTCCGT', 'GATCTTGC')	350	 0.05
('TGTTCCGT', 'AGAGTCCA')	845	 0.12
('TGTTCCGT', 'AGGATAGC')	584	 0.08
('GTCCTAAG', 'GTAGCGTA')	385	 0.05
('GTCCTAAG', 'CGATCGAT')	251	 0.04
('GTCCTAAG', 'GATCAAGG')	437	 0.06
('GTCCTAAG', 'AACAGCGA')	461	 0.07
('GTCCTAAG', 'TAGCCATG')	451	 0.06
('GTCCTAAG', 'CGGTAATC')	158	 0.02
('GTCCTAAG', 'CTCTGGAT')	1151	 0.16
('GTCCTAAG', 'TACCGGAT')	2326	 0.33
('GTCCTAAG', 'CTAGCTCA')	664	 0.09
('GTCCTAAG', 'CACTTCAC')	134	 0.02
('GTCCTAAG', 'GCTACTCT')	277	 0.04
('GTCCTAAG', 'ACGATCAG')	451	 0.06
('GTCCTAAG', 'TATGGCAC')	7066	 1.00
('GTCCTAAG', 'TGTTCCGT')	990	 0.14
('GTCCTAAG', 'TCGACAAG')	183	 0.03
('GTCCTAAG', 'TCTTCGAC')	1345	 0.19
('GTCCTAAG', 'ATCATGCG')	419	 0.06
('GTCCTAAG', 'ATCGTGGT')	255	 0.04
('GTCCTAAG', 'TCGAGAGT')	381	 0.05
('GTCCTAAG', 'TCGGATTC')	271	 0.04
('GTCCTAAG', 'GATCTTGC')	224	 0.03
('GTCCTAAG', 'AGAGTCCA')	409	 0.06
('GTCCTAAG', 'AGGATAGC')	311	 0.04
('TCGACAAG', 'GTAGCGTA')	110	 0.02
('TCGACAAG', 'CGATCGAT')	105	 0.01
('TCGACAAG', 'GATCAAGG')	146	 0.02
('TCGACAAG', 'AACAGCGA')	100	 0.01
('TCGACAAG', 'TAGCCATG')	323	 0.05
('TCGACAAG', 'CGGTAATC')	56	 0.01
('TCGACAAG', 'CTCTGGAT')	449	 0.06
('TCGACAAG', 'TACCGGAT')	957	 0.14
('TCGACAAG', 'CTAGCTCA')	256	 0.04
('TCGACAAG', 'CACTTCAC')	35	 0.00
('TCGACAAG', 'GCTACTCT')	105	 0.01
('TCGACAAG', 'ACGATCAG')	281	 0.04
('TCGACAAG', 'TATGGCAC')	205	 0.03
('TCGACAAG', 'TGTTCCGT')	246	 0.03
('TCGACAAG', 'GTCCTAAG')	233	 0.03
('TCGACAAG', 'TCTTCGAC')	782	 0.11
('TCGACAAG', 'ATCATGCG')	7836	 1.11
('TCGACAAG', 'ATCGTGGT')	98	 0.01
('TCGACAAG', 'TCGAGAGT')	358	 0.05
('TCGACAAG', 'TCGGATTC')	127	 0.02
('TCGACAAG', 'GATCTTGC')	70	 0.01
('TCGACAAG', 'AGAGTCCA')	150	 0.02
('TCGACAAG', 'AGGATAGC')	175	 0.02
('TCTTCGAC', 'GTAGCGTA')	1326	 0.19
('TCTTCGAC', 'CGATCGAT')	1187	 0.17
('TCTTCGAC', 'GATCAAGG')	1934	 0.27
('TCTTCGAC', 'AACAGCGA')	1079	 0.15
('TCTTCGAC', 'TAGCCATG')	1719	 0.24
('TCTTCGAC', 'CGGTAATC')	1234	 0.17
('TCTTCGAC', 'CTCTGGAT')	5933	 0.84
('TCTTCGAC', 'TACCGGAT')	10986	 1.55
('TCTTCGAC', 'CTAGCTCA')	3013	 0.43
('TCTTCGAC', 'CACTTCAC')	951	 0.13
('TCTTCGAC', 'GCTACTCT')	1090	 0.15
('TCTTCGAC', 'ACGATCAG')	1807	 0.26
('TCTTCGAC', 'TATGGCAC')	2865	 0.40
('TCTTCGAC', 'TGTTCCGT')	3200	 0.45
('TCTTCGAC', 'GTCCTAAG')	1381	 0.20
('TCTTCGAC', 'TCGACAAG')	1053	 0.15
('TCTTCGAC', 'ATCATGCG')	1520	 0.21
('TCTTCGAC', 'ATCGTGGT')	4468	 0.63
('TCTTCGAC', 'TCGAGAGT')	2779	 0.39
('TCTTCGAC', 'TCGGATTC')	1643	 0.23
('TCTTCGAC', 'GATCTTGC')	1042	 0.15
('TCTTCGAC', 'AGAGTCCA')	1619	 0.23
('TCTTCGAC', 'AGGATAGC')	2140	 0.30
('ATCATGCG', 'GTAGCGTA')	358	 0.05
('ATCATGCG', 'CGATCGAT')	265	 0.04
('ATCATGCG', 'GATCAAGG')	549	 0.08
('ATCATGCG', 'AACAGCGA')	540	 0.08
('ATCATGCG', 'TAGCCATG')	917	 0.13
('ATCATGCG', 'CGGTAATC')	201	 0.03
('ATCATGCG', 'CTCTGGAT')	1513	 0.21
('ATCATGCG', 'TACCGGAT')	2521	 0.36
('ATCATGCG', 'CTAGCTCA')	848	 0.12
('ATCATGCG', 'CACTTCAC')	170	 0.02
('ATCATGCG', 'GCTACTCT')	328	 0.05
('ATCATGCG', 'ACGATCAG')	782	 0.11
('ATCATGCG', 'TATGGCAC')	788	 0.11
('ATCATGCG', 'TGTTCCGT')	734	 0.10
('ATCATGCG', 'GTCCTAAG')	636	 0.09
('ATCATGCG', 'TCGACAAG')	305	 0.04
('ATCATGCG', 'TCTTCGAC')	1858	 0.26
('ATCATGCG', 'ATCGTGGT')	598	 0.08
('ATCATGCG', 'TCGAGAGT')	497	 0.07
('ATCATGCG', 'TCGGATTC')	217	 0.03
('ATCATGCG', 'GATCTTGC')	288	 0.04
('ATCATGCG', 'AGAGTCCA')	621	 0.09
('ATCATGCG', 'AGGATAGC')	582	 0.08
('ATCGTGGT', 'GTAGCGTA')	258	 0.04
('ATCGTGGT', 'CGATCGAT')	219	 0.03
('ATCGTGGT', 'GATCAAGG')	617	 0.09
('ATCGTGGT', 'AACAGCGA')	195	 0.03
('ATCGTGGT', 'TAGCCATG')	228	 0.03
('ATCGTGGT', 'CGGTAATC')	175	 0.02
('ATCGTGGT', 'CTCTGGAT')	1349	 0.19
('ATCGTGGT', 'TACCGGAT')	2090	 0.30
('ATCGTGGT', 'CTAGCTCA')	472	 0.07
('ATCGTGGT', 'CACTTCAC')	84	 0.01
('ATCGTGGT', 'GCTACTCT')	253	 0.04
('ATCGTGGT', 'ACGATCAG')	307	 0.04
('ATCGTGGT', 'TATGGCAC')	288	 0.04
('ATCGTGGT', 'TGTTCCGT')	473	 0.07
('ATCGTGGT', 'GTCCTAAG')	178	 0.03
('ATCGTGGT', 'TCGACAAG')	112	 0.02
('ATCGTGGT', 'TCTTCGAC')	1391	 0.20
('ATCGTGGT', 'ATCATGCG')	314	 0.04
('ATCGTGGT', 'TCGAGAGT')	562	 0.08
('ATCGTGGT', 'TCGGATTC')	157	 0.02
('ATCGTGGT', 'GATCTTGC')	137	 0.02
('ATCGTGGT', 'AGAGTCCA')	372	 0.05
('ATCGTGGT', 'AGGATAGC')	267	 0.04
('TCGAGAGT', 'GTAGCGTA')	360	 0.05
('TCGAGAGT', 'CGATCGAT')	349	 0.05
('TCGAGAGT', 'GATCAAGG')	315	 0.04
('TCGAGAGT', 'AACAGCGA')	329	 0.05
('TCGAGAGT', 'TAGCCATG')	428	 0.06
('TCGAGAGT', 'CGGTAATC')	253	 0.04
('TCGAGAGT', 'CTCTGGAT')	1857	 0.26
('TCGAGAGT', 'TACCGGAT')	3632	 0.51
('TCGAGAGT', 'CTAGCTCA')	829	 0.12
('TCGAGAGT', 'CACTTCAC')	159	 0.02
('TCGAGAGT', 'GCTACTCT')	637	 0.09
('TCGAGAGT', 'ACGATCAG')	655	 0.09
('TCGAGAGT', 'TATGGCAC')	483	 0.07
('TCGAGAGT', 'TGTTCCGT')	1126	 0.16
('TCGAGAGT', 'GTCCTAAG')	362	 0.05
('TCGAGAGT', 'TCGACAAG')	277	 0.04
('TCGAGAGT', 'TCTTCGAC')	2011	 0.28
('TCGAGAGT', 'ATCATGCG')	374	 0.05
('TCGAGAGT', 'ATCGTGGT')	509	 0.07
('TCGAGAGT', 'TCGGATTC')	383	 0.05
('TCGAGAGT', 'GATCTTGC')	215	 0.03
('TCGAGAGT', 'AGAGTCCA')	516	 0.07
('TCGAGAGT', 'AGGATAGC')	494	 0.07
('TCGGATTC', 'GTAGCGTA')	133	 0.02
('TCGGATTC', 'CGATCGAT')	254	 0.04
('TCGGATTC', 'GATCAAGG')	132	 0.02
('TCGGATTC', 'AACAGCGA')	1047	 0.15
('TCGGATTC', 'TAGCCATG')	191	 0.03
('TCGGATTC', 'CGGTAATC')	188	 0.03
('TCGGATTC', 'CTCTGGAT')	619	 0.09
('TCGGATTC', 'TACCGGAT')	1173	 0.17
('TCGGATTC', 'CTAGCTCA')	407	 0.06
('TCGGATTC', 'CACTTCAC')	111	 0.02
('TCGGATTC', 'GCTACTCT')	123	 0.02
('TCGGATTC', 'ACGATCAG')	216	 0.03
('TCGGATTC', 'TATGGCAC')	424	 0.06
('TCGGATTC', 'TGTTCCGT')	327	 0.05
('TCGGATTC', 'GTCCTAAG')	164	 0.02
('TCGGATTC', 'TCGACAAG')	88	 0.01
('TCGGATTC', 'TCTTCGAC')	1307	 0.18
('TCGGATTC', 'ATCATGCG')	173	 0.02
('TCGGATTC', 'ATCGTGGT')	118	 0.02
('TCGGATTC', 'TCGAGAGT')	311	 0.04
('TCGGATTC', 'GATCTTGC')	293	 0.04
('TCGGATTC', 'AGAGTCCA')	223	 0.03
('TCGGATTC', 'AGGATAGC')	315	 0.04
('GATCTTGC', 'GTAGCGTA')	170	 0.02
('GATCTTGC', 'CGATCGAT')	205	 0.03
('GATCTTGC', 'GATCAAGG')	184	 0.03
('GATCTTGC', 'AACAGCGA')	179	 0.03
('GATCTTGC', 'TAGCCATG')	136	 0.02
('GATCTTGC', 'CGGTAATC')	133	 0.02
('GATCTTGC', 'CTCTGGAT')	397	 0.06
('GATCTTGC', 'TACCGGAT')	790	 0.11
('GATCTTGC', 'CTAGCTCA')	269	 0.04
('GATCTTGC', 'CACTTCAC')	102	 0.01
('GATCTTGC', 'GCTACTCT')	132	 0.02
('GATCTTGC', 'ACGATCAG')	193	 0.03
('GATCTTGC', 'TATGGCAC')	251	 0.04
('GATCTTGC', 'TGTTCCGT')	203	 0.03
('GATCTTGC', 'GTCCTAAG')	167	 0.02
('GATCTTGC', 'TCGACAAG')	48	 0.01
('GATCTTGC', 'TCTTCGAC')	755	 0.11
('GATCTTGC', 'ATCATGCG')	252	 0.04
('GATCTTGC', 'ATCGTGGT')	109	 0.02
('GATCTTGC', 'TCGAGAGT')	176	 0.02
('GATCTTGC', 'TCGGATTC')	85	 0.01
('GATCTTGC', 'AGAGTCCA')	208	 0.03
('GATCTTGC', 'AGGATAGC')	368	 0.05
('AGAGTCCA', 'GTAGCGTA')	1058	 0.15
('AGAGTCCA', 'CGATCGAT')	285	 0.04
('AGAGTCCA', 'GATCAAGG')	270	 0.04
('AGAGTCCA', 'AACAGCGA')	481	 0.07
('AGAGTCCA', 'TAGCCATG')	459	 0.06
('AGAGTCCA', 'CGGTAATC')	244	 0.03
('AGAGTCCA', 'CTCTGGAT')	1255	 0.18
('AGAGTCCA', 'TACCGGAT')	2707	 0.38
('AGAGTCCA', 'CTAGCTCA')	1359	 0.19
('AGAGTCCA', 'CACTTCAC')	197	 0.03
('AGAGTCCA', 'GCTACTCT')	362	 0.05
('AGAGTCCA', 'ACGATCAG')	660	 0.09
('AGAGTCCA', 'TATGGCAC')	551	 0.08
('AGAGTCCA', 'TGTTCCGT')	889	 0.13
('AGAGTCCA', 'GTCCTAAG')	407	 0.06
('AGAGTCCA', 'TCGACAAG')	153	 0.02
('AGAGTCCA', 'TCTTCGAC')	1660	 0.23
('AGAGTCCA', 'ATCATGCG')	478	 0.07
('AGAGTCCA', 'ATCGTGGT')	357	 0.05
('AGAGTCCA', 'TCGAGAGT')	1115	 0.16
('AGAGTCCA', 'TCGGATTC')	236	 0.03
('AGAGTCCA', 'GATCTTGC')	206	 0.03
('AGAGTCCA', 'AGGATAGC')	606	 0.09
('AGGATAGC', 'GTAGCGTA')	996	 0.14
('AGGATAGC', 'CGATCGAT')	282	 0.04
('AGGATAGC', 'GATCAAGG')	228	 0.03
('AGGATAGC', 'AACAGCGA')	355	 0.05
('AGGATAGC', 'TAGCCATG')	394	 0.06
('AGGATAGC', 'CGGTAATC')	323	 0.05
('AGGATAGC', 'CTCTGGAT')	1100	 0.16
('AGGATAGC', 'TACCGGAT')	2227	 0.31
('AGGATAGC', 'CTAGCTCA')	783	 0.11
('AGGATAGC', 'CACTTCAC')	359	 0.05
('AGGATAGC', 'GCTACTCT')	413	 0.06
('AGGATAGC', 'ACGATCAG')	531	 0.08
('AGGATAGC', 'TATGGCAC')	683	 0.10
('AGGATAGC', 'TGTTCCGT')	698	 0.10
('AGGATAGC', 'GTCCTAAG')	307	 0.04
('AGGATAGC', 'TCGACAAG')	133	 0.02
('AGGATAGC', 'TCTTCGAC')	2149	 0.30
('AGGATAGC', 'ATCATGCG')	509	 0.07
('AGGATAGC', 'ATCGTGGT')	319	 0.05
('AGGATAGC', 'TCGAGAGT')	570	 0.08
('AGGATAGC', 'TCGGATTC')	355	 0.05
('AGGATAGC', 'GATCTTGC')	549	 0.08
('AGGATAGC', 'AGAGTCCA')	662	 0.09
